Workbook
Name Stages: Definitions!$B$2:$B$8

Sheet Sales Pipeline
A1: Lead ID | B1: Customer Name | C1: Contact Person | D1: Lead Source | E1: Sales Rep | F1: Opportunity Name | G1: Stage | H1: Stage Change Date | I1: Probability (%) | J1: Expected Close Date | K1: Expected Order Volume (€) | L1: Loss Reason | M1: Industry | N1: Country | O1: Notes
A2: AL-1000 | B2: AlphaTech GmbH | C2: Contact 0 | D2: Referral | E2: Rep 3 | F2: Opportunity 0 | G2: Lost | H2: 45692 | I2: =VLOOKUP(G2,Definitions!$B:$C,2,0) -> 0 | J2: 45723 | K2: 20500 | L2: Price | M2: Finance | N2: Austria
A3: BE-1001 | B3: BetaLogics GmbH | C3: Contact 1 | D3: Outbound | E3: Rep 5 | F3: Opportunity 1 | G3: Lead | H3: 45805 | I3: =VLOOKUP(G3,Definitions!$B:$C,2,0) -> 0.05 | J3: 45840 | K3: 42700 | M3: Healthcare | N3: Austria
A4: GA-1002 | B4: GammaSolutions GmbH | C4: Contact 2 | D4: Other | E4: Rep 1 | F4: Opportunity 2 | G4: Won | H4: 45704 | I4: =VLOOKUP(G4,Definitions!$B:$C,2,0) -> 1 | J4: 45763 | K4: 41900 | M4: Finance | N4: Germany
A5: GA-1003 | B5: GammaSolutions GmbH | C5: Contact 3 | D5: Event | E5: Rep 5 | F5: Opportunity 3 | G5: Qualified | H5: 45647 | I5: =VLOOKUP(G5,Definitions!$B:$C,2,0) -> 0.1 | J5: 45668 | K5: 15700 | M5: Software | N5: Austria
A6: AL-1004 | B6: AlphaTech GmbH | C6: Contact 4 | D6: Event | E6: Rep 2 | F6: Opportunity 4 | G6: Qualified | H6: 45791 | I6: =VLOOKUP(G6,Definitions!$B:$C,2,0) -> 0.1 | J6: 45844 | K6: 26400 | M6: Software | N6: Switzerland
A7: BE-1005 | B7: BetaLogics GmbH | C7: Contact 5 | D7: Event | E7: Rep 3 | F7: Opportunity 5 | G7: Proposal | H7: 45671 | I7: =VLOOKUP(G7,Definitions!$B:$C,2,0) -> 0.25 | J7: 45710 | K7: 35500 | M7: Manufacturing | N7: Austria
A8: AL-1006 | B8: AlphaTech GmbH | C8: Contact 6 | D8: Outbound | E8: Rep 3 | F8: Opportunity 6 | G8: Won | H8: 45641 | I8: =VLOOKUP(G8,Definitions!$B:$C,2,0) -> 1 | J8: 45695 | K8: 18000 | M8: Manufacturing | N8: Germany
A9: AL-1007 | B9: AlphaTech GmbH | C9: Contact 7 | D9: Event | E9: Rep 4 | F9: Opportunity 7 | G9: Won | H9: 45660 | I9: =VLOOKUP(G9,Definitions!$B:$C,2,0) -> 1 | J9: 45697 | K9: 27900 | M9: Finance | N9: Switzerland
A10: GA-1008 | B10: GammaSolutions GmbH | C10: Contact 8 | D10: Referral | E10: Rep 5 | F10: Opportunity 8 | G10: Lost | H10: 45620 | I10: =VLOOKUP(G10,Definitions!$B:$C,2,0) -> 0 | J10: 45653 | K10: 28900 | L10: Timing | M10: Software | N10: Austria
A11: GA-1009 | B11: GammaSolutions GmbH | C11: Contact 9 | D11: Inbound | E11: Rep 2 | F11: Opportunity 9 | G11: Lead | H11: 45706 | I11: =VLOOKUP(G11,Definitions!$B:$C,2,0) -> 0.05 | J11: 45730 | K11: 41700 | M11: Finance | N11: Germany
A12: GA-1010 | B12: GammaSolutions GmbH | C12: Contact 10 | D12: Referral | E12: Rep 2 | F12: Opportunity 10 | G12: Qualified | H12: 45749 | I12: =VLOOKUP(G12,Definitions!$B:$C,2,0) -> 0.1 | J12: 45775 | K12: 14500 | M12: Manufacturing | N12: Austria
A13: GA-1011 | B13: GammaSolutions GmbH | C13: Contact 11 | D13: Other | E13: Rep 5 | F13: Opportunity 11 | G13: Proposal | H13: 45815 | I13: =VLOOKUP(G13,Definitions!$B:$C,2,0) -> 0.25 | J13: 45874 | K13: 41000 | M13: Software | N13: Switzerland
A14: AL-1012 | B14: AlphaTech GmbH | C14: Contact 12 | D14: Referral | E14: Rep 2 | F14: Opportunity 12 | G14: Lost | H14: 45657 | I14: =VLOOKUP(G14,Definitions!$B:$C,2,0) -> 0 | J14: 45695 | K14: 43400 | L14: Competitor | M14: Software | N14: Switzerland
A15: GA-1013 | B15: GammaSolutions GmbH | C15: Contact 13 | D15: Outbound | E15: Rep 3 | F15: Opportunity 13 | G15: Qualified | H15: 45646 | I15: =VLOOKUP(G15,Definitions!$B:$C,2,0) -> 0.1 | J15: 45693 | K15: 24700 | M15: Software | N15: Austria
A16: BE-1014 | B16: BetaLogics GmbH | C16: Contact 14 | D16: Website | E16: Rep 2 | F16: Opportunity 14 | G16: Lead | H16: 45777 | I16: =VLOOKUP(G16,Definitions!$B:$C,2,0) -> 0.05 | J16: 45799 | K16: 29700 | M16: Software | N16: Austria
A17: GA-1015 | B17: GammaSolutions GmbH | C17: Contact 15 | D17: Inbound | E17: Rep 4 | F17: Opportunity 15 | G17: Proposal | H17: 45664 | I17: =VLOOKUP(G17,Definitions!$B:$C,2,0) -> 0.25 | J17: 45679 | K17: 49900 | M17: Healthcare | N17: Austria
A18: GA-1016 | B18: GammaSolutions GmbH | C18: Contact 16 | D18: Outbound | E18: Rep 3 | F18: Opportunity 16 | G18: Won | H18: 45814 | I18: =VLOOKUP(G18,Definitions!$B:$C,2,0) -> 1 | J18: 45866 | K18: 36500 | M18: Software | N18: Switzerland
A19: BE-1017 | B19: BetaLogics GmbH | C19: Contact 17 | D19: Inbound | E19: Rep 4 | F19: Opportunity 17 | G19: Lead | H19: 45777 | I19: =VLOOKUP(G19,Definitions!$B:$C,2,0) -> 0.05 | J19: 45813 | K19: 35100 | M19: Manufacturing | N19: Austria
A20: GA-1018 | B20: GammaSolutions GmbH | C20: Contact 18 | D20: Website | E20: Rep 5 | F20: Opportunity 18 | G20: Qualified | H20: 45636 | I20: =VLOOKUP(G20,Definitions!$B:$C,2,0) -> 0.1 | J20: 45682 | K20: 34900 | M20: Software | N20: Austria
A21: GA-1019 | B21: GammaSolutions GmbH | C21: Contact 19 | D21: Referral | E21: Rep 5 | F21: Opportunity 19 | G21: Negotiation | H21: 45802 | I21: =VLOOKUP(G21,Definitions!$B:$C,2,0) -> 0.5 | J21: 45857 | K21: 36800 | M21: Manufacturing | N21: Germany
A22: GA-1020 | B22: GammaSolutions GmbH | C22: Contact 20 | D22: Referral | E22: Rep 1 | F22: Opportunity 20 | G22: Qualified | H22: 45756 | I22: =VLOOKUP(G22,Definitions!$B:$C,2,0) -> 0.1 | J22: 45784 | K22: 49700 | M22: Finance | N22: Germany
A23: GA-1021 | B23: GammaSolutions GmbH | C23: Contact 21 | D23: Inbound | E23: Rep 5 | F23: Opportunity 21 | G23: Qualified | H23: 45815 | I23: =VLOOKUP(G23,Definitions!$B:$C,2,0) -> 0.1 | J23: 45853 | K23: 18200 | M23: Finance | N23: Switzerland
A24: AL-1022 | B24: AlphaTech GmbH | C24: Contact 22 | D24: Referral | E24: Rep 2 | F24: Opportunity 22 | G24: Lost | H24: 45661 | I24: =VLOOKUP(G24,Definitions!$B:$C,2,0) -> 0 | J24: 45683 | K24: 27000 | L24: Competitor | M24: Software | N24: Germany
A25: AL-1023 | B25: AlphaTech GmbH | C25: Contact 23 | D25: Website | E25: Rep 2 | F25: Opportunity 23 | G25: Proposal | H25: 45731 | I25: =VLOOKUP(G25,Definitions!$B:$C,2,0) -> 0.25 | J25: 45761 | K25: 47400 | M25: Finance | N25: Switzerland
A26: GA-1024 | B26: GammaSolutions GmbH | C26: Contact 24 | D26: Referral | E26: Rep 2 | F26: Opportunity 24 | G26: Lead | H26: 45772 | I26: =VLOOKUP(G26,Definitions!$B:$C,2,0) -> 0.05 | J26: 45820 | K26: 21900 | M26: Healthcare | N26: Austria
A27: GA-1025 | B27: GammaSolutions GmbH | C27: Contact 25 | D27: Other | E27: Rep 1 | F27: Opportunity 25 | G27: Negotiation | H27: 45808 | I27: =VLOOKUP(G27,Definitions!$B:$C,2,0) -> 0.5 | J27: 45844 | K27: 20600 | M27: Finance | N27: Austria
A28: GA-1026 | B28: GammaSolutions GmbH | C28: Contact 26 | D28: Other | E28: Rep 3 | F28: Opportunity 26 | G28: Won | H28: 45672 | I28: =VLOOKUP(G28,Definitions!$B:$C,2,0) -> 1 | J28: 45707 | K28: 18700 | M28: Software | N28: Austria
A29: AL-1027 | B29: AlphaTech GmbH | C29: Contact 27 | D29: Inbound | E29: Rep 4 | F29: Opportunity 27 | G29: Qualified | H29: 45776 | I29: =VLOOKUP(G29,Definitions!$B:$C,2,0) -> 0.1 | J29: 45803 | K29: 5600 | M29: Manufacturing | N29: Switzerland
A30: BE-1028 | B30: BetaLogics GmbH | C30: Contact 28 | D30: Referral | E30: Rep 3 | F30: Opportunity 28 | G30: Lead | H30: 45751 | I30: =VLOOKUP(G30,Definitions!$B:$C,2,0) -> 0.05 | J30: 45793 | K30: 49900 | M30: Software | N30: Switzerland
A31: GA-1029 | B31: GammaSolutions GmbH | C31: Contact 29 | D31: Event | E31: Rep 4 | F31: Opportunity 29 | G31: Lead | H31: 45735 | I31: =VLOOKUP(G31,Definitions!$B:$C,2,0) -> 0.05 | J31: 45766 | K31: 20900 | M31: Software | N31: Switzerland
A32: BE-1030 | B32: BetaLogics GmbH | C32: Contact 30 | D32: Other | E32: Rep 4 | F32: Opportunity 30 | G32: Qualified | H32: 45717 | I32: =VLOOKUP(G32,Definitions!$B:$C,2,0) -> 0.1 | J32: 45772 | K32: 25400 | M32: Finance | N32: Switzerland
A33: AL-1031 | B33: AlphaTech GmbH | C33: Contact 31 | D33: Website | E33: Rep 4 | F33: Opportunity 31 | G33: Negotiation | H33: 45821 | I33: =VLOOKUP(G33,Definitions!$B:$C,2,0) -> 0.5 | J33: 45871 | K33: 9400 | M33: Software | N33: Austria
A34: AL-1032 | B34: AlphaTech GmbH | C34: Contact 32 | D34: Inbound | E34: Rep 5 | F34: Opportunity 32 | G34: Negotiation | H34: 45786 | I34: =VLOOKUP(G34,Definitions!$B:$C,2,0) -> 0.5 | J34: 45830 | K34: 47000 | M34: Software | N34: Switzerland
A35: AL-1033 | B35: AlphaTech GmbH | C35: Contact 33 | D35: Inbound | E35: Rep 4 | F35: Opportunity 33 | G35: Negotiation | H35: 45641 | I35: =VLOOKUP(G35,Definitions!$B:$C,2,0) -> 0.5 | J35: 45695 | K35: 42800 | M35: Healthcare | N35: Germany
A36: BE-1034 | B36: BetaLogics GmbH | C36: Contact 34 | D36: Referral | E36: Rep 5 | F36: Opportunity 34 | G36: Negotiation | H36: 45786 | I36: =VLOOKUP(G36,Definitions!$B:$C,2,0) -> 0.5 | J36: 45820 | K36: 18300 | M36: Software | N36: Austria
... A38: BE-1036 | B38: BetaLogics GmbH | C38: Contact 36 | D38: Other | E38: Rep 2 | F38: Opportunity 36 | G38: Proposal | H38: 45737 | I38: =VLOOKUP(G38,Definitions!$B:$C,2,0) -> 0.25 | J38: 45771 | K38: 28900 | M38: Healthcare | N38: Germany
A39: BE-1037 | B39: BetaLogics GmbH | C39: Contact 37 | D39: Inbound | E39: Rep 5 | F39: Opportunity 37 | G39: Lost | H39: 45734 | I39: =VLOOKUP(G39,Definitions!$B:$C,2,0) -> 0 | J39: 45749 | K39: 6800 | L39: Timing | M39: Manufacturing | N39: Germany
A40: GA-1038 | B40: GammaSolutions GmbH | C40: Contact 38 | D40: Website | E40: Rep 2 | F40: Opportunity 38 | G40: Lead | H40: 45700 | I40: =VLOOKUP(G40,Definitions!$B:$C,2,0) -> 0.05 | J40: 45746 | K40: 12400 | M40: Healthcare | N40: Austria
A41: AL-1039 | B41: AlphaTech GmbH | C41: Contact 39 | D41: Outbound | E41: Rep 1 | F41: Opportunity 39 | G41: Proposal | H41: 45686 | I41: =VLOOKUP(G41,Definitions!$B:$C,2,0) -> 0.25 | J41: 45713 | K41: 43200 | M41: Healthcare | N41: Switzerland
A42: GA-1040 | B42: GammaSolutions GmbH | C42: Contact 40 | D42: Referral | E42: Rep 5 | F42: Opportunity 40 | G42: Proposal | H42: 45723 | I42: =VLOOKUP(G42,Definitions!$B:$C,2,0) -> 0.25 | J42: 45745 | K42: 36300 | M42: Manufacturing | N42: Germany
A43: BE-1041 | B43: BetaLogics GmbH | C43: Contact 41 | D43: Inbound | E43: Rep 5 | F43: Opportunity 41 | G43: Proposal | H43: 45633 | I43: =VLOOKUP(G43,Definitions!$B:$C,2,0) -> 0.25 | J43: 45690 | K43: 48500 | M43: Manufacturing | N43: Austria
A44: AL-1042 | B44: AlphaTech GmbH | C44: Contact 42 | D44: Referral | E44: Rep 1 | F44: Opportunity 42 | G44: Proposal | H44: 45714 | I44: =VLOOKUP(G44,Definitions!$B:$C,2,0) -> 0.25 | J44: 45772 | K44: 20300 | M44: Manufacturing | N44: Germany
A45: BE-1043 | B45: BetaLogics GmbH | C45: Contact 43 | D45: Inbound | E45: Rep 5 | F45: Opportunity 43 | G45: Lead | H45: 45632 | I45: =VLOOKUP(G45,Definitions!$B:$C,2,0) -> 0.05 | J45: 45653 | K45: 18500 | M45: Manufacturing | N45: Switzerland
A46: BE-1044 | B46: BetaLogics GmbH | C46: Contact 44 | D46: Outbound | E46: Rep 1 | F46: Opportunity 44 | G46: Negotiation | H46: 45745 | I46: =VLOOKUP(G46,Definitions!$B:$C,2,0) -> 0.5 | J46: 45781 | K46: 17100 | M46: Healthcare | N46: Germany
A47: GA-1045 | B47: GammaSolutions GmbH | C47: Contact 45 | D47: Other | E47: Rep 1 | F47: Opportunity 45 | G47: Lost | H47: 45664 | I47: =VLOOKUP(G47,Definitions!$B:$C,2,0) -> 0 | J47: 45716 | K47: 45900 | L47: No Budget | M47: Healthcare | N47: Switzerland
A48: GA-1046 | B48: GammaSolutions GmbH | C48: Contact 46 | D48: Website | E48: Rep 2 | F48: Opportunity 46 | G48: Won | H48: 45756 | I48: =VLOOKUP(G48,Definitions!$B:$C,2,0) -> 1 | J48: 45803 | K48: 48000 | M48: Healthcare | N48: Germany
A49: AL-1047 | B49: AlphaTech GmbH | C49: Contact 47 | D49: Referral | E49: Rep 4 | F49: Opportunity 47 | G49: Proposal | H49: 45801 | I49: =VLOOKUP(G49,Definitions!$B:$C,2,0) -> 0.25 | J49: 45851 | K49: 11100 | M49: Manufacturing | N49: Switzerland
A50: BE-1048 | B50: BetaLogics GmbH | C50: Contact 48 | D50: Other | E50: Rep 5 | F50: Opportunity 48 | G50: Lead | H50: 45677 | I50: =VLOOKUP(G50,Definitions!$B:$C,2,0) -> 0.05 | J50: 45706 | K50: 5700 | M50: Healthcare | N50: Austria
A51: GA-1049 | B51: GammaSolutions GmbH | C51: Contact 49 | D51: Other | E51: Rep 3 | F51: Opportunity 49 | G51: Negotiation | H51: 45648 | I51: =VLOOKUP(G51,Definitions!$B:$C,2,0) -> 0.5 | J51: 45694 | K51: 41300 | M51: Software | N51: Austria
A52: BE-1050 | B52: BetaLogics GmbH | C52: Contact 50 | D52: Other | E52: Rep 2 | F52: Opportunity 50 | G52: Negotiation | H52: 45776 | I52: =VLOOKUP(G52,Definitions!$B:$C,2,0) -> 0.5 | J52: 45799 | K52: 28100 | M52: Software | N52: Germany
A53: AL-1051 | B53: AlphaTech GmbH | C53: Contact 51 | D53: Event | E53: Rep 2 | F53: Opportunity 51 | G53: Won | H53: 45718 | I53: =VLOOKUP(G53,Definitions!$B:$C,2,0) -> 1 | J53: 45740 | K53: 47200 | M53: Healthcare | N53: Germany
A54: GA-1052 | B54: GammaSolutions GmbH | C54: Contact 52 | D54: Outbound | E54: Rep 1 | F54: Opportunity 52 | G54: Negotiation | H54: 45658 | I54: =VLOOKUP(G54,Definitions!$B:$C,2,0) -> 0.5 | J54: 45700 | K54: 24000 | M54: Healthcare | N54: Austria
A55: BE-1053 | B55: BetaLogics GmbH | C55: Contact 53 | D55: Referral | E55: Rep 2 | F55: Opportunity 53 | G55: Proposal | H55: 45684 | I55: =VLOOKUP(G55,Definitions!$B:$C,2,0) -> 0.25 | J55: 45705 | K55: 24900 | M55: Software | N55: Switzerland
A56: GA-1054 | B56: GammaSolutions GmbH | C56: Contact 54 | D56: Inbound | E56: Rep 1 | F56: Opportunity 54 | G56: Negotiation | H56: 45726 | I56: =VLOOKUP(G56,Definitions!$B:$C,2,0) -> 0.5 | J56: 45758 | K56: 39600 | M56: Healthcare | N56: Germany
A57: GA-1055 | B57: GammaSolutions GmbH | C57: Contact 55 | D57: Other | E57: Rep 5 | F57: Opportunity 55 | G57: Won | H57: 45643 | I57: =VLOOKUP(G57,Definitions!$B:$C,2,0) -> 1 | J57: 45689 | K57: 31300 | M57: Software | N57: Germany
A58: BE-1056 | B58: BetaLogics GmbH | C58: Contact 56 | D58: Event | E58: Rep 1 | F58: Opportunity 56 | G58: Negotiation | H58: 45658 | I58: =VLOOKUP(G58,Definitions!$B:$C,2,0) -> 0.5 | J58: 45696 | K58: 13800 | M58: Finance | N58: Austria
A59: GA-1057 | B59: GammaSolutions GmbH | C59: Contact 57 | D59: Inbound | E59: Rep 2 | F59: Opportunity 57 | G59: Negotiation | H59: 45669 | I59: =VLOOKUP(G59,Definitions!$B:$C,2,0) -> 0.5 | J59: 45693 | K59: 24800 | M59: Software | N59: Germany
A60: GA-1058 | B60: GammaSolutions GmbH | C60: Contact 58 | D60: Referral | E60: Rep 2 | F60: Opportunity 58 | G60: Lost | H60: 45649 | I60: =VLOOKUP(G60,Definitions!$B:$C,2,0) -> 0 | J60: 45665 | K60: 17900 | L60: Price | M60: Healthcare | N60: Germany
A61: BE-1059 | B61: BetaLogics GmbH | C61: Contact 59 | D61: Website | E61: Rep 5 | F61: Opportunity 59 | G61: Proposal | H61: 45683 | I61: =VLOOKUP(G61,Definitions!$B:$C,2,0) -> 0.25 | J61: 45703 | K61: 48900 | M61: Software | N61: Switzerland
A62: BE-1060 | B62: BetaLogics GmbH | C62: Contact 60 | D62: Event | E62: Rep 1 | F62: Opportunity 60 | G62: Lead | H62: 45736 | I62: =VLOOKUP(G62,Definitions!$B:$C,2,0) -> 0.05 | J62: 45782 | K62: 28500 | M62: Finance | N62: Austria
A63: GA-1061 | B63: GammaSolutions GmbH | C63: Contact 61 | D63: Referral | E63: Rep 2 | F63: Opportunity 61 | G63: Lost | H63: 45809 | I63: =VLOOKUP(G63,Definitions!$B:$C,2,0) -> 0 | J63: 45851 | K63: 23700 | L63: Timing | M63: Finance | N63: Germany
A64: GA-1062 | B64: GammaSolutions GmbH | C64: Contact 62 | D64: Referral | E64: Rep 2 | F64: Opportunity 62 | G64: Won | H64: 45752 | I64: =VLOOKUP(G64,Definitions!$B:$C,2,0) -> 1 | J64: 45808 | K64: 7800 | M64: Software | N64: Austria
A65: GA-1063 | B65: GammaSolutions GmbH | C65: Contact 63 | D65: Event | E65: Rep 3 | F65: Opportunity 63 | G65: Proposal | H65: 45653 | I65: =VLOOKUP(G65,Definitions!$B:$C,2,0) -> 0.25 | J65: 45680 | K65: 30200 | M65: Software | N65: Germany
A66: GA-1064 | B66: GammaSolutions GmbH | C66: Contact 64 | D66: Website | E66: Rep 2 | F66: Opportunity 64 | G66: Negotiation | H66: 45801 | I66: =VLOOKUP(G66,Definitions!$B:$C,2,0) -> 0.5 | J66: 45822 | K66: 19700 | M66: Manufacturing | N66: Germany
A67: GA-1065 | B67: GammaSolutions GmbH | C67: Contact 65 | D67: Other | E67: Rep 4 | F67: Opportunity 65 | G67: Lead | H67: 45731 | I67: =VLOOKUP(G67,Definitions!$B:$C,2,0) -> 0.05 | J67: 45769 | K67: 40800 | M67: Manufacturing | N67: Switzerland
A68: BE-1066 | B68: BetaLogics GmbH | C68: Contact 66 | D68: Inbound | E68: Rep 5 | F68: Opportunity 66 | G68: Lead | H68: 45737 | I68: =VLOOKUP(G68,Definitions!$B:$C,2,0) -> 0.05 | J68: 45797 | K68: 13000 | M68: Manufacturing | N68: Germany
A69: BE-1067 | B69: BetaLogics GmbH | C69: Contact 67 | D69: Referral | E69: Rep 1 | F69: Opportunity 67 | G69: Negotiation | H69: 45706 | I69: =VLOOKUP(G69,Definitions!$B:$C,2,0) -> 0.5 | J69: 45748 | K69: 33900 | M69: Software | N69: Switzerland
A70: GA-1068 | B70: GammaSolutions GmbH | C70: Contact 68 | D70: Event | E70: Rep 3 | F70: Opportunity 68 | G70: Proposal | H70: 45670 | I70: =VLOOKUP(G70,Definitions!$B:$C,2,0) -> 0.25 | J70: 45715 | K70: 31800 | M70: Healthcare | N70: Switzerland
A71: AL-1069 | B71: AlphaTech GmbH | C71: Contact 69 | D71: Other | E71: Rep 3 | F71: Opportunity 69 | G71: Negotiation | H71: 45722 | I71: =VLOOKUP(G71,Definitions!$B:$C,2,0) -> 0.5 | J71: 45775 | K71: 38500 | M71: Healthcare | N71: Germany
A72: BE-1070 | B72: BetaLogics GmbH | C72: Contact 70 | D72: Referral | E72: Rep 5 | F72: Opportunity 70 | G72: Proposal | H72: 45684 | I72: =VLOOKUP(G72,Definitions!$B:$C,2,0) -> 0.25 | J72: 45736 | K72: 29300 | M72: Software | N72: Austria
A73: BE-1071 | B73: BetaLogics GmbH | C73: Contact 71 | D73: Outbound | E73: Rep 1 | F73: Opportunity 71 | G73: Qualified | H73: 45654 | I73: =VLOOKUP(G73,Definitions!$B:$C,2,0) -> 0.1 | J73: 45672 | K73: 17700 | M73: Manufacturing | N73: Switzerland
A74: AL-1072 | B74: AlphaTech GmbH | C74: Contact 72 | D74: Event | E74: Rep 2 | F74: Opportunity 72 | G74: Proposal | H74: 45714 | I74: =VLOOKUP(G74,Definitions!$B:$C,2,0) -> 0.25 | J74: 45736 | K74: 9700 | M74: Manufacturing | N74: Switzerland
A75: BE-1073 | B75: BetaLogics GmbH | C75: Contact 73 | D75: Inbound | E75: Rep 4 | F75: Opportunity 73 | G75: Negotiation | H75: 45724 | I75: =VLOOKUP(G75,Definitions!$B:$C,2,0) -> 0.5 | J75: 45759 | K75: 38100 | M75: Software | N75: Germany
... A85: AL-1083 | B85: AlphaTech GmbH | C85: Contact 83 | D85: Other | E85: Rep 3 | F85: Opportunity 83 | G85: Proposal | H85: 45639 | I85: =VLOOKUP(G85,Definitions!$B:$C,2,0) -> 0.25 | J85: 45689 | K85: 11900 | M85: Manufacturing | N85: Austria
A86: AL-1084 | B86: AlphaTech GmbH | C86: Contact 84 | D86: Other | E86: Rep 3 | F86: Opportunity 84 | G86: Lost | H86: 45804 | I86: =VLOOKUP(G86,Definitions!$B:$C,2,0) -> 0 | J86: 45853 | K86: 17800 | L86: Timing | M86: Manufacturing | N86: Germany
A87: BE-1085 | B87: BetaLogics GmbH | C87: Contact 85 | D87: Other | E87: Rep 1 | F87: Opportunity 85 | G87: Proposal | H87: 45775 | I87: =VLOOKUP(G87,Definitions!$B:$C,2,0) -> 0.25 | J87: 45803 | K87: 42700 | M87: Healthcare | N87: Austria
A88: GA-1086 | B88: GammaSolutions GmbH | C88: Contact 86 | D88: Referral | E88: Rep 2 | F88: Opportunity 86 | G88: Lost | H88: 45771 | I88: =VLOOKUP(G88,Definitions!$B:$C,2,0) -> 0 | J88: 45831 | K88: 16900 | L88: Other | M88: Healthcare | N88: Germany
A89: GA-1087 | B89: GammaSolutions GmbH | C89: Contact 87 | D89: Outbound | E89: Rep 5 | F89: Opportunity 87 | G89: Proposal | H89: 45697 | I89: =VLOOKUP(G89,Definitions!$B:$C,2,0) -> 0.25 | J89: 45749 | K89: 33100 | M89: Software | N89: Germany
A90: AL-1088 | B90: AlphaTech GmbH | C90: Contact 88 | D90: Referral | E90: Rep 4 | F90: Opportunity 88 | G90: Won | H90: 45685 | I90: =VLOOKUP(G90,Definitions!$B:$C,2,0) -> 1 | J90: 45700 | K90: 7700 | M90: Healthcare | N90: Switzerland
A91: AL-1089 | B91: AlphaTech GmbH | C91: Contact 89 | D91: Inbound | E91: Rep 1 | F91: Opportunity 89 | G91: Won | H91: 45660 | I91: =VLOOKUP(G91,Definitions!$B:$C,2,0) -> 1 | J91: 45693 | K91: 16200 | M91: Finance | N91: Austria
A92: GA-1090 | B92: GammaSolutions GmbH | C92: Contact 90 | D92: Outbound | E92: Rep 2 | F92: Opportunity 90 | G92: Negotiation | H92: 45671 | I92: =VLOOKUP(G92,Definitions!$B:$C,2,0) -> 0.5 | J92: 45722 | K92: 47200 | M92: Healthcare | N92: Austria
A93: AL-1091 | B93: AlphaTech GmbH | C93: Contact 91 | D93: Inbound | E93: Rep 5 | F93: Opportunity 91 | G93: Proposal | H93: 45681 | I93: =VLOOKUP(G93,Definitions!$B:$C,2,0) -> 0.25 | J93: 45711 | K93: 36300 | M93: Software | N93: Germany
A94: BE-1092 | B94: BetaLogics GmbH | C94: Contact 92 | D94: Outbound | E94: Rep 1 | F94: Opportunity 92 | G94: Proposal | H94: 45655 | I94: =VLOOKUP(G94,Definitions!$B:$C,2,0) -> 0.25 | J94: 45693 | K94: 15300 | M94: Finance | N94: Germany
A95: BE-1093 | B95: BetaLogics GmbH | C95: Contact 93 | D95: Other | E95: Rep 3 | F95: Opportunity 93 | G95: Lost | H95: 45722 | I95: =VLOOKUP(G95,Definitions!$B:$C,2,0) -> 0 | J95: 45782 | K95: 31400 | L95: Competitor | M95: Healthcare | N95: Switzerland
A96: BE-1094 | B96: BetaLogics GmbH | C96: Contact 94 | D96: Other | E96: Rep 5 | F96: Opportunity 94 | G96: Lost | H96: 45679 | I96: =VLOOKUP(G96,Definitions!$B:$C,2,0) -> 0 | J96: 45718 | K96: 47500 | L96: Price | M96: Manufacturing | N96: Germany
A97: AL-1095 | B97: AlphaTech GmbH | C97: Contact 95 | D97: Website | E97: Rep 5 | F97: Opportunity 95 | G97: Lead | H97: 45778 | I97: =VLOOKUP(G97,Definitions!$B:$C,2,0) -> 0.05 | J97: 45818 | K97: 37900 | M97: Healthcare | N97: Germany
A98: BE-1096 | B98: BetaLogics GmbH | C98: Contact 96 | D98: Other | E98: Rep 5 | F98: Opportunity 96 | G98: Negotiation | H98: 45759 | I98: =VLOOKUP(G98,Definitions!$B:$C,2,0) -> 0.5 | J98: 45815 | K98: 28500 | M98: Manufacturing | N98: Austria
A99: AL-1097 | B99: AlphaTech GmbH | C99: Contact 97 | D99: Outbound | E99: Rep 1 | F99: Opportunity 97 | G99: Won | H99: 45776 | I99: =VLOOKUP(G99,Definitions!$B:$C,2,0) -> 1 | J99: 45829 | K99: 20100 | M99: Manufacturing | N99: Germany
A100: AL-1098 | B100: AlphaTech GmbH | C100: Contact 98 | D100: Event | E100: Rep 3 | F100: Opportunity 98 | G100: Qualified | H100: 45798 | I100: =VLOOKUP(G100,Definitions!$B:$C,2,0) -> 0.1 | J100: 45846 | K100: 19300 | M100: Healthcare | N100: Austria
A101: AL-1099 | B101: AlphaTech GmbH | C101: Contact 99 | D101: Inbound | E101: Rep 3 | F101: Opportunity 99 | G101: Qualified | H101: 45724 | I101: =VLOOKUP(G101,Definitions!$B:$C,2,0) -> 0.1 | J101: 45777 | K101: 23600 | M101: Healthcare | N101: Austria
A102: GA-1100 | B102: GammaSolutions GmbH | C102: Contact 100 | D102: Website | E102: Rep 5 | F102: Opportunity 100 | G102: Proposal | H102: 45797 | I102: =VLOOKUP(G102,Definitions!$B:$C,2,0) -> 0.25 | J102: 45834 | K102: 46900 | M102: Software | N102: Austria
A103: GA-1101 | B103: GammaSolutions GmbH | C103: Contact 101 | D103: Outbound | E103: Rep 1 | F103: Opportunity 101 | G103: Won | H103: 45652 | I103: =VLOOKUP(G103,Definitions!$B:$C,2,0) -> 1 | J103: 45687 | K103: 26700 | M103: Manufacturing | N103: Germany
A104: BE-1102 | B104: BetaLogics GmbH | C104: Contact 102 | D104: Inbound | E104: Rep 2 | F104: Opportunity 102 | G104: Lost | H104: 45762 | I104: =VLOOKUP(G104,Definitions!$B:$C,2,0) -> 0 | J104: 45783 | K104: 46200 | L104: Timing | M104: Software | N104: Germany
A105: GA-1103 | B105: GammaSolutions GmbH | C105: Contact 103 | D105: Outbound | E105: Rep 2 | F105: Opportunity 103 | G105: Won | H105: 45673 | I105: =VLOOKUP(G105,Definitions!$B:$C,2,0) -> 1 | J105: 45717 | K105: 19700 | M105: Healthcare | N105: Germany
A106: AL-1104 | B106: AlphaTech GmbH | C106: Contact 104 | D106: Referral | E106: Rep 3 | F106: Opportunity 104 | G106: Proposal | H106: 45708 | I106: =VLOOKUP(G106,Definitions!$B:$C,2,0) -> 0.25 | J106: 45740 | K106: 10000 | M106: Finance | N106: Switzerland
A107: AL-1105 | B107: AlphaTech GmbH | C107: Contact 105 | D107: Event | E107: Rep 3 | F107: Opportunity 105 | G107: Qualified | H107: 45740 | I107: =VLOOKUP(G107,Definitions!$B:$C,2,0) -> 0.1 | J107: 45794 | K107: 6600 | M107: Software | N107: Germany
A108: BE-1106 | B108: BetaLogics GmbH | C108: Contact 106 | D108: Website | E108: Rep 3 | F108: Opportunity 106 | G108: Lead | H108: 45654 | I108: =VLOOKUP(G108,Definitions!$B:$C,2,0) -> 0.05 | J108: 45703 | K108: 44700 | M108: Manufacturing | N108: Austria
A109: BE-1107 | B109: BetaLogics GmbH | C109: Contact 107 | D109: Referral | E109: Rep 3 | F109: Opportunity 107 | G109: Lead | H109: 45758 | I109: =VLOOKUP(G109,Definitions!$B:$C,2,0) -> 0.05 | J109: 45790 | K109: 20800 | M109: Finance | N109: Germany
A110: GA-1108 | B110: GammaSolutions GmbH | C110: Contact 108 | D110: Event | E110: Rep 3 | F110: Opportunity 108 | G110: Lost | H110: 45692 | I110: =VLOOKUP(G110,Definitions!$B:$C,2,0) -> 0 | J110: 45715 | K110: 29300 | L110: Competitor | M110: Manufacturing | N110: Germany
...

Sheet Definitions
A1: ID | B1: Stages | C1: Probability
A2: 1 | B2: Lead | C2: 0.05
A3: 2 | B3: Qualified | C3: 0.1
A4: 3 | B4: Proposal | C4: 0.25
A5: 4 | B5: Negotiation | C5: 0.5
A6: 5 | B6: Won | C6: 1
A7: 6 | B7: Lost | C7: 0

Sheet Instructions
A1: Instructions
A2: Instructions for Filling the Sales Pipeline Template: 1. Each row represents a single sales opportunity or lead. 2. 'Lead ID' should be a unique identifier (e.g., CRM ID or sequential number). 3. Use drop-down values for 'Stage', 'Deal Status', and 'Lead Source'. 4. 'Stage' options: Lead, Qualified, Proposal, Negotiation, Won, Lost 5. 'Deal Status' options: Open, Won, Lost 6. 'Lead Source' options: Inbound, Outbound, Referral, Event, Website, Other 7. Dates must follow the format: YYYY-MM-DD 8. 'Probability (%)' should be a number between 0 and 100. 9. 'Expected Order Volume (€)' should be a numeric value (e.g., 50000) 10. 'Loss Reason' should be filled only if 'Deal Status' is Lost. This template is designed to integrate seamlessly into Power BI. Do not change sheet names or merge cells. Avoid adding totals or formulas.
